{
  "timestamp": "2025-11-19T00:32:42.805038",
  "label": "transparency_test",
  "mfa_score": {
    "mfa_score": null,
    "error": "No scenarios tested",
    "scenarios_count": 0
  },
  "transparency": {
    "explainability": 33.33333333333333,
    "interpretability": 33.33333333333333,
    "traceability": 33.33333333333333,
    "overall": 33.33333333333333
  },
  "scenarios_count": 0,
  "decisions_logged": 15
}