{
  "test_name": "Do_Calculus_Causal_Validation",
  "timestamp": 1764516779.5237436,
  "n_experiments": 10,
  "observational_results": [
    0.03654452965905269,
    0.03398007887105148,
    0.03144959770065422,
    0.03258856908599329,
    0.03526353485762633,
    0.03898384659059552,
    0.030943859370114905,
    0.03186292463706599,
    0.03679484380357381,
    0.03760013302115517
  ],
  "intervention_results": [
    0.22328132828076677,
    0.22471451229519318,
    0.215972602168719,
    0.2204090237617493,
    0.2179113286071354,
    0.21631402452786763,
    0.22206162836816573,
    0.22292972286542256,
    0.2152908519903819,
    0.21877489487330118
  ],
  "causal_analysis": {
    "mean_causal_effect": 0.18516480001418192,
    "std_causal_effect": 0.004892214574063172,
    "min_causal_effect": 0.17733017793727213,
    "max_causal_effect": 0.19111776899805083,
    "causal_effect_range": 0.013787591060778703
  },
  "significance_test": {
    "t_statistic": -113.5466140401087,
    "t_p_value": 1.61831606894162e-15,
    "wilcoxon_statistic": 0.0,
    "wilcoxon_p_value": 0.001953125,
    "causal_effect_significant": "True",
    "effect_size": 68.78183699488763
  },
  "causal_criterion_met": "True"
}