{
  "loop_ms": 66.94481233322828,
  "math_ms": 45.07838700010325,
  "hash_ms": 267.1741239999695,
  "compression_ms": 41.19483533349921,
  "timestamp": 1763530552.3408542
}