{
  "write_throughput_mb_s": 939.9865581892917,
  "read_throughput_mb_s": 6535.282651331439,
  "random_access_mb_s": 607.5486746688151,
  "timestamp": 1763525830.4471664
}