{
  "init_ms": 17.796009999983653,
  "cpu_to_gpu_ms": 98.74660900004528,
  "matrix_mult_ms": 20.82242500000575,
  "gpu_to_cpu_ms": 32.124362000104156,
  "status": "OK"
}