{
  "init_ms": 17.247957999643404,
  "cpu_to_gpu_ms": 110.73699600092368,
  "matrix_mult_ms": 23.364186999970116,
  "gpu_to_cpu_ms": 30.18749000148091,
  "status": "OK"
}