{
  "memory_total": 24931749888,
  "memory_throughput_mb_s": [
    16698.50793853115,
    16158.783783896306
  ],
  "timestamp": 1763525823.645532
}