{
  "checkpoint_1": {
    "checkpoint_num": 1,
    "timestamp": 1766036251.4034214,
    "datetime": "2025-12-18T05:37:31.403422+00:00",
    "events_count": 100,
    "last_hash": "33ae4c899868c5d1627c853e5510c84d2258eadce8a2b545cb1847a29c546feb",
    "log_size": 2262
  }
}