{
  "n_seeds": 50,
  "timestamp": 1764559221.6686227,
  "statistics": {
    "phi_active_mean": 0.5,
    "phi_active_std": 0.0,
    "phi_silent_mean": 0.04999999999999999,
    "phi_silent_std": 1.3877787807814457e-17,
    "causal_effect_mean": 0.45,
    "causal_effect_std": 0.0,
    "t_statistic": 2.2698142121947296e+17,
    "p_value": 0.0,
    "cohens_d": 4499999558.411539,
    "effect_size_interpretation": "Grande"
  },
  "validation": {
    "is_causal_effect": true,
    "is_large_effect": "True",
    "confidence_level": "95% (simula\u00e7\u00e3o)",
    "lacan_interpretation": "Expectation representa o Simb\u00f3lico - sem ele, \u03a6=0 (falta-a-ser estrutural)"
  },
  "raw_data": {
    "active_expectation_phis": [
      0.5,
      0.5,
      0.5,
      0.5,
      0.5,
      0.5,
      0.5,
      0.5,
      0.5,
      0.5,
      0.5,
      0.5,
      0.5,
      0.5,
      0.5,
      0.5,
      0.5,
      0.5,
      0.5,
      0.5,
      0.5,
      0.5,
      0.5,
      0.5,
      0.5,
      0.5,
      0.5,
      0.5,
      0.5,
      0.5,
      0.5,
      0.5,
      0.5,
      0.5,
      0.5,
      0.5,
      0.5,
      0.5,
      0.5,
      0.5,
      0.5,
      0.5,
      0.5,
      0.5,
      0.5,
      0.5,
      0.5,
      0.5,
      0.5,
      0.5
    ],
    "silent_expectation_phis": [
      0.05,
      0.05,
      0.05,
      0.05,
      0.05,
      0.05,
      0.05,
      0.05,
      0.05,
      0.05,
      0.05,
      0.05,
      0.05,
      0.05,
      0.05,
      0.05,
      0.05,
      0.05,
      0.05,
      0.05,
      0.05,
      0.05,
      0.05,
      0.05,
      0.05,
      0.05,
      0.05,
      0.05,
      0.05,
      0.05,
      0.05,
      0.05,
      0.05,
      0.05,
      0.05,
      0.05,
      0.05,
      0.05,
      0.05,
      0.05,
      0.05,
      0.05,
      0.05,
      0.05,
      0.05,
      0.05,
      0.05,
      0.05,
      0.05,
      0.05
    ],
    "causal_effects": [
      0.45,
      0.45,
      0.45,
      0.45,
      0.45,
      0.45,
      0.45,
      0.45,
      0.45,
      0.45,
      0.45,
      0.45,
      0.45,
      0.45,
      0.45,
      0.45,
      0.45,
      0.45,
      0.45,
      0.45,
      0.45,
      0.45,
      0.45,
      0.45,
      0.45,
      0.45,
      0.45,
      0.45,
      0.45,
      0.45,
      0.45,
      0.45,
      0.45,
      0.45,
      0.45,
      0.45,
      0.45,
      0.45,
      0.45,
      0.45,
      0.45,
      0.45,
      0.45,
      0.45,
      0.45,
      0.45,
      0.45,
      0.45,
      0.45,
      0.45
    ],
    "seeds_tested": 50
  }
}