{
  "n_seeds": 200,
  "timestamp": 1764559246.869159,
  "statistics": {
    "phi_active_mean": 0.5,
    "phi_active_std": 0.0,
    "phi_silent_mean": 0.05,
    "phi_silent_std": 0.0,
    "causal_effect_mean": 0.4500000000000001,
    "causal_effect_std": 1.1102230246251565e-16,
    "t_statistic": Infinity,
    "p_value": 0.0,
    "cohens_d": 4500000000.000001,
    "effect_size_interpretation": "Grande"
  },
  "validation": {
    "is_causal_effect": true,
    "is_large_effect": "True",
    "confidence_level": "95% (simula\u00e7\u00e3o)",
    "lacan_interpretation": "Expectation representa o Simb\u00f3lico - sem ele, \u03a6=0 (falta-a-ser estrutural)"
  },
  "raw_data": {
    "active_expectation_phis": [
      0.5,
      0.5,
      0.5,
      0.5,
      0.5,
      0.5,
      0.5,
      0.5,
      0.5,
      0.5,
      0.5,
      0.5,
      0.5,
      0.5,
      0.5,
      0.5,
      0.5,
      0.5,
      0.5,
      0.5,
      0.5,
      0.5,
      0.5,
      0.5,
      0.5,
      0.5,
      0.5,
      0.5,
      0.5,
      0.5,
      0.5,
      0.5,
      0.5,
      0.5,
      0.5,
      0.5,
      0.5,
      0.5,
      0.5,
      0.5,
      0.5,
      0.5,
      0.5,
      0.5,
      0.5,
      0.5,
      0.5,
      0.5,
      0.5,
      0.5,
      0.5,
      0.5,
      0.5,
      0.5,
      0.5,
      0.5,
      0.5,
      0.5,
      0.5,
      0.5,
      0.5,
      0.5,
      0.5,
      0.5,
      0.5,
      0.5,
      0.5,
      0.5,
      0.5,
      0.5,
      0.5,
      0.5,
      0.5,
      0.5,
      0.5,
      0.5,
      0.5,
      0.5,
      0.5,
      0.5,
      0.5,
      0.5,
      0.5,
      0.5,
      0.5,
      0.5,
      0.5,
      0.5,
      0.5,
      0.5,
      0.5,
      0.5,
      0.5,
      0.5,
      0.5,
      0.5,
      0.5,
      0.5,
      0.5,
      0.5,
      0.5,
      0.5,
      0.5,
      0.5,
      0.5,
      0.5,
      0.5,
      0.5,
      0.5,
      0.5,
      0.5,
      0.5,
      0.5,
      0.5,
      0.5,
      0.5,
      0.5,
      0.5,
      0.5,
      0.5,
      0.5,
      0.5,
      0.5,
      0.5,
      0.5,
      0.5,
      0.5,
      0.5,
      0.5,
      0.5,
      0.5,
      0.5,
      0.5,
      0.5,
      0.5,
      0.5,
      0.5,
      0.5,
      0.5,
      0.5,
      0.5,
      0.5,
      0.5,
      0.5,
      0.5,
      0.5,
      0.5,
      0.5,
      0.5,
      0.5,
      0.5,
      0.5,
      0.5,
      0.5,
      0.5,
      0.5,
      0.5,
      0.5,
      0.5,
      0.5,
      0.5,
      0.5,
      0.5,
      0.5,
      0.5,
      0.5,
      0.5,
      0.5,
      0.5,
      0.5,
      0.5,
      0.5,
      0.5,
      0.5,
      0.5,
      0.5,
      0.5,
      0.5,
      0.5,
      0.5,
      0.5,
      0.5,
      0.5,
      0.5,
      0.5,
      0.5,
      0.5,
      0.5,
      0.5,
      0.5,
      0.5,
      0.5,
      0.5,
      0.5,
      0.5,
      0.5,
      0.5,
      0.5,
      0.5,
      0.5
    ],
    "silent_expectation_phis": [
      0.05,
      0.05,
      0.05,
      0.05,
      0.05,
      0.05,
      0.05,
      0.05,
      0.05,
      0.05,
      0.05,
      0.05,
      0.05,
      0.05,
      0.05,
      0.05,
      0.05,
      0.05,
      0.05,
      0.05,
      0.05,
      0.05,
      0.05,
      0.05,
      0.05,
      0.05,
      0.05,
      0.05,
      0.05,
      0.05,
      0.05,
      0.05,
      0.05,
      0.05,
      0.05,
      0.05,
      0.05,
      0.05,
      0.05,
      0.05,
      0.05,
      0.05,
      0.05,
      0.05,
      0.05,
      0.05,
      0.05,
      0.05,
      0.05,
      0.05,
      0.05,
      0.05,
      0.05,
      0.05,
      0.05,
      0.05,
      0.05,
      0.05,
      0.05,
      0.05,
      0.05,
      0.05,
      0.05,
      0.05,
      0.05,
      0.05,
      0.05,
      0.05,
      0.05,
      0.05,
      0.05,
      0.05,
      0.05,
      0.05,
      0.05,
      0.05,
      0.05,
      0.05,
      0.05,
      0.05,
      0.05,
      0.05,
      0.05,
      0.05,
      0.05,
      0.05,
      0.05,
      0.05,
      0.05,
      0.05,
      0.05,
      0.05,
      0.05,
      0.05,
      0.05,
      0.05,
      0.05,
      0.05,
      0.05,
      0.05,
      0.05,
      0.05,
      0.05,
      0.05,
      0.05,
      0.05,
      0.05,
      0.05,
      0.05,
      0.05,
      0.05,
      0.05,
      0.05,
      0.05,
      0.05,
      0.05,
      0.05,
      0.05,
      0.05,
      0.05,
      0.05,
      0.05,
      0.05,
      0.05,
      0.05,
      0.05,
      0.05,
      0.05,
      0.05,
      0.05,
      0.05,
      0.05,
      0.05,
      0.05,
      0.05,
      0.05,
      0.05,
      0.05,
      0.05,
      0.05,
      0.05,
      0.05,
      0.05,
      0.05,
      0.05,
      0.05,
      0.05,
      0.05,
      0.05,
      0.05,
      0.05,
      0.05,
      0.05,
      0.05,
      0.05,
      0.05,
      0.05,
      0.05,
      0.05,
      0.05,
      0.05,
      0.05,
      0.05,
      0.05,
      0.05,
      0.05,
      0.05,
      0.05,
      0.05,
      0.05,
      0.05,
      0.05,
      0.05,
      0.05,
      0.05,
      0.05,
      0.05,
      0.05,
      0.05,
      0.05,
      0.05,
      0.05,
      0.05,
      0.05,
      0.05,
      0.05,
      0.05,
      0.05,
      0.05,
      0.05,
      0.05,
      0.05,
      0.05,
      0.05,
      0.05,
      0.05,
      0.05,
      0.05,
      0.05,
      0.05
    ],
    "causal_effects": [
      0.45,
      0.45,
      0.45,
      0.45,
      0.45,
      0.45,
      0.45,
      0.45,
      0.45,
      0.45,
      0.45,
      0.45,
      0.45,
      0.45,
      0.45,
      0.45,
      0.45,
      0.45,
      0.45,
      0.45,
      0.45,
      0.45,
      0.45,
      0.45,
      0.45,
      0.45,
      0.45,
      0.45,
      0.45,
      0.45,
      0.45,
      0.45,
      0.45,
      0.45,
      0.45,
      0.45,
      0.45,
      0.45,
      0.45,
      0.45,
      0.45,
      0.45,
      0.45,
      0.45,
      0.45,
      0.45,
      0.45,
      0.45,
      0.45,
      0.45,
      0.45,
      0.45,
      0.45,
      0.45,
      0.45,
      0.45,
      0.45,
      0.45,
      0.45,
      0.45,
      0.45,
      0.45,
      0.45,
      0.45,
      0.45,
      0.45,
      0.45,
      0.45,
      0.45,
      0.45,
      0.45,
      0.45,
      0.45,
      0.45,
      0.45,
      0.45,
      0.45,
      0.45,
      0.45,
      0.45,
      0.45,
      0.45,
      0.45,
      0.45,
      0.45,
      0.45,
      0.45,
      0.45,
      0.45,
      0.45,
      0.45,
      0.45,
      0.45,
      0.45,
      0.45,
      0.45,
      0.45,
      0.45,
      0.45,
      0.45,
      0.45,
      0.45,
      0.45,
      0.45,
      0.45,
      0.45,
      0.45,
      0.45,
      0.45,
      0.45,
      0.45,
      0.45,
      0.45,
      0.45,
      0.45,
      0.45,
      0.45,
      0.45,
      0.45,
      0.45,
      0.45,
      0.45,
      0.45,
      0.45,
      0.45,
      0.45,
      0.45,
      0.45,
      0.45,
      0.45,
      0.45,
      0.45,
      0.45,
      0.45,
      0.45,
      0.45,
      0.45,
      0.45,
      0.45,
      0.45,
      0.45,
      0.45,
      0.45,
      0.45,
      0.45,
      0.45,
      0.45,
      0.45,
      0.45,
      0.45,
      0.45,
      0.45,
      0.45,
      0.45,
      0.45,
      0.45,
      0.45,
      0.45,
      0.45,
      0.45,
      0.45,
      0.45,
      0.45,
      0.45,
      0.45,
      0.45,
      0.45,
      0.45,
      0.45,
      0.45,
      0.45,
      0.45,
      0.45,
      0.45,
      0.45,
      0.45,
      0.45,
      0.45,
      0.45,
      0.45,
      0.45,
      0.45,
      0.45,
      0.45,
      0.45,
      0.45,
      0.45,
      0.45,
      0.45,
      0.45,
      0.45,
      0.45,
      0.45,
      0.45,
      0.45,
      0.45,
      0.45,
      0.45,
      0.45,
      0.45
    ],
    "seeds_tested": 200
  }
}